"rank","id","nickname","eligible","compositeScore","roi","mdd","sharpRatio","copierPnl","currentCopyCount","tenureDays","orders","completeCycles","incompleteCycles","coverageDays","medianHoldSeconds","under60sRatio","under5mRatio","rapidReopenRatio","reversalRatio","repeatedQuantityRatio","dailyTurnoverToEquity","cycleWinRate","profitFactor","top1ProfitConcentration","washRiskScore","riskLevel","confidence"
"1","4886996900008285697","加油加油再加油","false","88.7","13.6667","0","3.02210954","6637.6694","24","236","0","0","0","0","","","","","","","","","","","0","low","0"
"2","5080014986897740289","青云执策","true","81.4","81.5936","10.1009","5.1059385","430780.236","400","102.8","377","70","1","58.173","49992.8","0.0143","0.0143","0","0","0.1293","8.958","0.6","3.998","0.0863","10","low","1"
"3","5116343973122243585","Galaxy Bot 6","true","80.9","87.0018","6.1183","7.55539358","8229.3168","166","77.7","1409","120","4","59.53","457.5","0.2333","0.4667","0.1261","0","0.341","1.91","0.8667","7.859","0.1348","37.7","medium","1"
"4","5074084420726024192","User-66301","false","80.4","35.7589","0","3.84390488","223.3844","23","106.9","0","0","0","0","","","","","","","","","","","0","low","0"
"5","5126298543040831233","Bran Brandon","false","80.1","226.3568","20.2661","4.49594656","68176.629","500","70.9","39","5","2","31.439","142531.2","0","0.2","0","0","0.125","9.539","1","999","0.4416","14.2","low","0.415"
"6","5076854789130646529","Leo-Hamsters","false","79.3","23.0792","2.894","6.72912047","1886.6453","41","105","360","4","1","58.406","257250.8","0.25","0.25","0.6667","0","0.0448","0.585","1","999","0.7092","36.7","medium","0.402"
"7","5176738977864057344","Falcon-Hamsters","true","78.7","42.5919","1.5076","13.47270098","2464.0165","19","36.1","3222","1046","11","35.993","3756","0.0535","0.0784","0.0115","0","0.0182","4.084","0.738","2.584","0.0293","9.1","low","1"
"8","4287847543651684864","星火研究院-大象","true","78.5","61.6226","11.2994","1.09718308","2454.3648","500","649.3","770","75","7","55.888","13653.2","0","0","0.0135","0","0.4444","1.191","0.9867","3.579","0.3652","8.9","low","1"
"9","5139859220682929920","Desperados1905","true","78.5","24.996","0","3.63322486","251.1098","16","61.5","426","170","1","59.901","4268.2","0.0059","0.0529","0.0059","0","0.0426","1.061","0.9412","12.167","0.1461","3.5","low","1"
"10","5163855802101492736","Smart2X","true","77.6","22.9924","7.393","4.00258856","61754.8614","17","45","1025","205","6","44.421","20076","0.0293","0.0976","0.0049","0","0.1223","1.055","0.7902","3.843","0.058","7.2","low","1"
"11","5167142418360791041","青岛啤酒","true","76","217.3014","25.1929","4.22171036","67239.7565","98","42.7","362","65","2","42.65","28524.4","0.0462","0.0769","0.0156","0","0","8.408","0.6154","2.659","0.1397","11.8","low","1"
"12","5095471773900927232","允哲bit","true","76","47.7813","0","1.96569247","738.3128","1","92.1","522","202","2","57.065","8199","0.005","0.0297","0.0199","0.01","0.1842","4.994","0.6683","1.892","0.0989","9.6","low","1"
"13","5023393329641422337","天晴ETH","false","74.1","30.5657","0","0.10786891","1396.3828","74","141.9","8","2","0","28.963","144240.7","0","0","0","0","","3.826","1","999","0.9952","2.9","low","0.364"
"14","5176989034382976512","三元里资管","false","73.4","16.1056","0.5155","8.16965651","96.9547","6","35.9","39","11","1","34.958","86876.1","0","0","0","0","0","0.256","1","999","0.6024","0.2","low","0.493"
"15","5176692031499906560","dorofeevxyz","true","72.6","12.4501","1.0967","9.38657423","84.6798","10","36.1","135","55","0","34.201","14513.3","0","0.0182","0","0","0","0.806","0.9818","3058.442","0.0954","1.1","low","1"
"16","5011194359301530625","JoeMua","true","71.7","924.9598","33.888","2.06602257","676.4618","34","150.3","124","38","2","43.57","26886.7","0","0","0","0","1","3.785","0.6579","3.225","0.2128","12.8","low","0.844"
"17","5107068459928572672","Winston-Hamsters","false","71.4","7.778","0.7548","8.26434918","153.4272","15","84.1","961","17","1","59.358","23.6","0.6471","0.6471","0","0","0.1638","0.656","1","999","0.3839","38.2","medium","0.571"
"18","5180749446854508289","Kira-Hamsters","true","71","35.17","0.4174","19.80567107","23.7948","5","33.3","3895","1341","6","32.83","4016.1","0.047","0.0686","0.0067","0","0.0217","3.213","0.7457","2.799","0.0231","7.7","low","1"
"19","5175518798015488768","有梦想的10u王","true","70.8","143.7979","25.6805","6.71667941","613.3708","18","36.9","194","85","0","36.577","12214.5","0.0235","0.0471","0","0","0.2778","14.322","0.8118","2.765","0.125","18.4","low","1"
"20","4708220152086930177","风雪哥","false","70.6","40.6021","10.2138","0.56078046","42342.7891","133","359.3","95","29","4","58.994","187808.6","0","0.0345","0","0","0.6","0.355","0.3103","1.597","0.2647","11.1","low","0.727"
"21","5152003633589705728","PROTOCOLO 4X","false","70.6","220.316","0","2.77060206","0","0","53.1","15","7","1","52.548","69525.9","0","0","0","0","","3.304","1","999","0.2904","2.5","low","0.441"
"22","5162458529863472128","长风驭手","true","70.3","79.5315","30.1105","3.35138866","220096.4417","149","45.9","226","42","1","37.759","63133.8","0.0238","0.0238","0","0","0.1609","4.824","0.5714","2.274","0.1761","8.7","low","0.896"
"23","5158917501351455745","没u烦恼吧","false","69.7","23.1024","0","2.21992572","96.6609","8","48.4","79","22","1","44.108","94233","0","0","0","0.0476","0","1.934","0.9545","36.778","0.3137","4.3","low","0.636"
"24","5218493701996013313","百辉财经","false","69.5","2508.0586","8.6394","","23414.2913","309","7.3","68","24","4","7.177","20871.4","0","0","0.0435","0.1304","0.4","27.441","1","999","0.1993","31.4","medium","0.396"
"25","5106865156864612097","PhamDoanHiep","false","68.6","35.9412","0","6.02938331","0.2174","0","84.3","261","40","1","56.735","5.1","0.525","0.55","0.1282","0","0.0169","0.779","1","999","0.2955","40.1","medium","0.87"
"26","4899644417168105985","法号扯淡","true","68.5","32.073","16.3344","0.34641523","46673.9242","2","227.2","153","43","7","58.585","112929.3","0","0","0.0476","0","0.25","0.362","0.5814","4.41","0.6045","6.5","low","0.909"
"27","5217743622504837633","BTC拖拉机","false","67.8","2404.0822","1.9442","","1235.4114","201","7.8","100","25","13","7.766","26335.7","0","0","0","0","0.375","25.788","1","999","0.4439","21.3","low","0.416"
"28","5204085690209897472","Legend Wall","false","67.7","111.6599","10.4464","","8748.4795","31","17.2","87","29","3","17.12","7137.8","0.0345","0.069","0","0","0","26.939","0.9655","3.948","0.1346","18.7","low","0.577"
"29","4903021797259023617","无聊的基神","false","67.3","2706.2621","63.6364","1.13609029","1876.6919","17","224.9","172","30","4","58.916","65122.2","0","0.0333","0","0.0345","0.0909","7.158","0.9","73.024","0.1741","9.8","low","0.74"
"30","5224804224922056448","User-jsy","false","67.2","893.4314","0","","153.8918","7","2.9","48","3","1","2.608","8285.9","0","0","0","0","0.3077","4.633","1","999","0.5098","8.6","low","0.069"
"31","5156287639231681792","爱喝快乐肥宅水","true","66.9","61.541","33.1028","2.98176944","79499.6886","213","50.2","618","76","1","49.698","22719.4","0.0526","0.0789","0.08","0","0.503","7.137","0.5526","2.165","0.154","22.1","low","1"
"32","5148095637390130944","海森堡实验室","true","66.9","142.5703","0","-3.00894908","433.6521","6","55.8","638","184","0","55.605","9970.9","0.0109","0.0217","0.0055","0","0.3988","24.605","0.4728","0.827","0.1247","23.7","low","1"
"33","4976493653311741953","Tianhao8888","true","65.8","2.4838","0","0.8559046","835.3113","158","174.2","310","33","5","30.649","874.6","0.0303","0.2121","0","0","0.4493","7.392","0.6364","1.043","0.2187","21.9","low","0.779"
"34","5176362150483535105","空军四号","false","65","22.2865","1.3832","8.85959034","0","0","36.3","161","73","6","34.978","8332.4","0","0.1096","0","0","","2.069","0.8356","2.666","0.1239","4.6","low","1"
"35","5223307357197824513","星河左侧量化","false","63.3","1966.234","0","","72.9718","19","3.9","36","14","7","3.897","3923.6","0","0.1429","0","0.1538","0","41.97","1","999","0.3508","27.8","medium","0.227"
"36","5226832820352338432","邓山先生","false","60.3","706.7026","0","","0.0429","0","1.5","10","5","0","1.319","15663.1","0","0.2","0","0","","34.643","1","999","0.3692","20","low","0.08"
"37","4925133974869249281","一亏三千里-装逼资本","false","59.9","60.8265","17.3248","2.02924691","-15036.6986","279","209.6","52","3","6","51.429","151074.1","0.3333","0.3333","0","0","0.4138","0.12","1","999","0.9749","34.4","medium","0.389"
"38","5227961006822206720","榴莲星辰","false","57.4","364.2191","0","","0","0","0.7","5","2","1","0.667","28204.9","0","0","0","0","","113.065","1","999","0.5517","15","low","0.034"
"39","4711667454321988096","天晴要努力呀","false","57.1","8.9691","0","-0.77067381","0","10","356.9","2","0","0","0.042","","","","","","1","0","","","","10","low","0"
"40","5176945573720425984","不是能涨是包涨","false","56.8","231.0089","33.4344","6.86983075","-3713.5619","15","35.9","1529","618","1","35.634","1074.8","0.1052","0.301","0.0243","0.0162","0.4048","53.304","0.7751","1.494","0.0256","37.4","medium","1"
"41","5225461775506731520","BTC洛少爷","false","56.7","1236.3996","0.0815","","-0.3042","0","2.5","35","14","5","2.348","3879.7","0","0","0","0.2308","","56.62","1","999","0.273","28.8","medium","0.209"
"42","5028285881739855104","杀马特-","false","56.5","52.8579","0","-2.62973308","0","0","138.5","433","117","1","58.536","13923.8","0.0085","0.0427","0.0086","0.0172","0.3654","15.026","0.6923","0.898","0.0624","20.5","low","1"
"43","5197548072731317249","Hohhot_呼和浩特","false","54.2","119.0932","17.935","","75.3264","8","21.7","4","1","1","4.612","398304.2","0","0","","","","10.201","1","999","1","7.7","low","0.067"
"44","5195631076387982849","华强北浪险哥","false","52.6","19.8732","0","","0","0","23","13","3","0","5.092","116225.8","0","0","0","0","0","1662.23","1","999","0.5532","15","low","0.098"
"45","5216780018846650624","世一笑","false","50.3","9.7156","0","","0","0","8.5","21","4","0","5.64","23414","0","0","0","0","0","1.314","0.75","37.349","0.9379","6","low","0.118"
"46","5144630011366700544","懒洋洋大魔王","false","49","103.1819","22.5534","7.58015112","-1361.3583","6","58.2","1700","269","5","58.226","73.9","0.4721","0.7286","0","0.0037","0.763","70.761","0.9554","3.774","0.078","60.8","high","1"
"47","5066421744284270337","goodhaha","false","49","2137.8583","26.8851","4.38336853","4117.9906","25","112.2","156","42","2","55.458","0.3","0.7619","0.7619","0.3902","0","0.3415","1.251","0.9286","2.392","0.2903","56.6","high","0.896"
"48","5227457564343973120","布嬸擼貓","false","49","447.4371","0","","23.4869","3","1.1","27","10","1","0.983","182.5","0.4","0.6","0","0","0.5","125.127","1","999","0.1753","58.3","high","0.141"
"49","4657722487947555584","Feed-Creator-4bc0690bb","false","48.2","23.3084","25.5392","0.09282078","-398.5232","119","394.1","96","13","4","55.518","63305.9","0","0","0","0","0.1111","1.63","0.6923","2.024","0.3785","3.1","low","0.519"
"50","5217752912495035905","建斌论坛","false","48.1","2157.0136","23.1747","","-3308.5593","59","7.8","31","10","5","7.233","24671.9","0","0.1","0","0","","13.157","0.9","68.636","0.6521","12.4","low","0.214"
"51","5195625743537520640","天才交易员杰哥","false","47.1","19.2635","0","","0","1","23","145","49","0","21.262","14984.1","0.0408","0.0816","0.2083","0","0.4","142.986","0.7959","5.056","0.1918","35","medium","0.885"
"52","5189455591030851072","招财猫13","true","46.5","3.7163","0","","1.7543","1","27.3","489","84","0","26.379","321.6","0.1071","0.4881","0.1205","0","0.3542","8.783","0.9405","43.469","0.1147","36.5","medium","0.958"
"53","4710544899333920257","Fullmetal-17","false","43.3","2548.9279","1281.0626","-1.43754197","-1.9143","2","357.7","646","279","1","59.643","8585.5","0.0036","0.0179","0","0.0468","0.25","37.474","0.4803","0.987","0.0408","23.1","low","1"
"54","5205625196504794880","User-6adbe","false","41.9","721.516","46.1518","","0","0","16.1","7","3","1","15.312","95686.6","0","0","0","0","","2.956","1","999","0.5576","2.2","low","0.218"
"55","5219234690161308161","金虎趋势论","false","37.8","1651.4625","47.5436","","-1.7842","5","6.8","35","11","8","5.964","23096.5","0","0","0","0","","28.69","1","999","0.2029","15","low","0.213"
